;Data;Hora UTC;PRECIPITAO TOTAL. HORARIO (mm);PRESSAO ATMOSFERICA AO NIVEL DA ESTACAO. HORARIA (mB);PRESSAO ATMOSFERICA MAX.NA HORA ANT. (AUT) (mB);PRESSAO ATMOSFERICA MIN. NA HORA ANT. (AUT) (mB);RADIACAO GLOBAL (Kj/m2);TEMPERATURA DO AR - BULBO SECO. HORARIA (C);TEMPERATURA DO PONTO DE ORVALHO (C);TEMPERATURA MAXIMA NA HORA ANT. (AUT) (C);TEMPERATURA MINIMA NA HORA ANT. (AUT) (C);TEMPERATURA ORVALHO MAX. NA HORA ANT. (AUT) (C);TEMPERATURA ORVALHO MIN. NA HORA ANT. (AUT) (C);UMIDADE REL. MAX. NA HORA ANT. (AUT) (%);UMIDADE REL. MIN. NA HORA ANT. (AUT) (%);UMIDADE RELATIVA DO AR. HORARIA (%);VENTO. DIREAO HORARIA (gr) ((gr));VENTO. RAJADA MAXIMA (m/s);VENTO. VELOCIDADE HORARIA (m/s);REGIAO;UF;ESTACAO;CODIGO (WMO);LATITUDE;LONGITUDE;ALTITUDE;DATA DE FUNDACAO
464;2021/06/09;0400 UTC;0.0;976.9;977.1;976.8;;17.9;17.6;18.2;17.7;17.9;17.4;98.0;98.0;98.0;254.0;2.0;0.7;CO;MS;BONITO;S704;-21.24666666;-56.45055555;329.0;06/08/18
295;2020/06/28;2300 UTC;;;;;;;;;;;;;;;;;;CO;MS;CAMAPUA;S707;-19.587528;-54.030083;540.0;19/02/18
988;2021/02/04;0700 UTC;0.0;1006.6;1006.6;1006.4;;22.4;21.3;23.6;22.4;21.5;20.8;93.0;86.0;93.0;325.0;1.7;0.1;SE;RJ;CAMBUCI;A604;-21.58749999;-41.95833333;46.0;20/11/02
424;2022/08/08;1500 UTC;0.0;1005.1;1006.3;1005.1;3603.2;31.4;16.1;31.8;30.6;17.9;15.9;45.0;39.0;40.0;108.0;9.0;4.4;NE;CE;ACARAU;A360;-3.1211111;-40.08722221;67.15;22/04/09
640;2022/08/06;1000 UTC;0.0;1017.9;1017.9;1017.2;22.0;18.7;17.3;18.8;18.6;17.3;17.0;92.0;90.0;92.0;278.0;1.2;0.0;SE;RJ;RIO DE JANEIRO - JACAREPAGUA;A636;-22.93999999;-43.40277777;20.0;10/08/17
125;2022/06/25;0600 UTC;;;;;;;;;;;;;;;;;;N;AM;NOVO ARIPUANA;A144;-8.0911111;-60.38055554;45.0;18/07/19
118;2022/04/10;2300 UTC;;;;;;;;;;;;;;;;;;N;TO;CAMPOS LINDOS;A043;-8.15472222;-46.63944444;426.56;29/10/12
633;2022/04/04;1900 UTC;0.0;919.2;919.5;919.2;1856.7;30.7;12.2;31.8;30.1;12.4;11.2;33.0;30.0;32.0;182.0;5.3;1.1;CO;GO;POSSE;A017;-14.08916666;-46.36638888;830.0;18/04/07
181;2021/07/28;1100 UTC;;;;;;;;;;;;;;;;;;CO;MS;BONITO;S704;-21.24666666;-56.45055555;329.0;06/08/18
709;2021/12/11;1800 UTC;;987.0;987.7;987.0;937.3;30.6;22.3;31.2;30.6;23.4;22.0;64.0;59.0;61.0;108.0;3.8;1.7;NE;MA;BARRA DO CORDA;A221;-5.50666666;-45.23694444;154.19;06/03/08
138;2021/03/11;0300 UTC;;;;;;;;;;;;;;;;;;N;TO;PIUM;A051;-10.47694443;-49.62944443;161.0;06/04/16
487;2022/10/21;1400 UTC;;;;;;;;;;;;;;;;;;NE;PI;SAO JOAO DO PIAUI;A331;-8.36444444;-42.2525;231.0;26/08/07
176;2021/08/10;1000 UTC;0.0;1000.0;1000.0;999.4;263.9;21.0;17.1;21.1;20.1;17.2;16.2;79.0;78.0;78.0;94.0;1.8;1.0;SE;MG;ALMENARA;A508;-16.166773;-40.687756;189.11;15/12/02
452;2020/04/16;2200 UTC;;;;;;;;;;;;;;;;;;N;AM;HUMAITA;A112;-7.55252;-63.071343;53.56;25/04/08
687;2021/03/20;0300 UTC;0.0;907.8;908.0;907.8;;17.5;;18.0;17.5;;-3.4;;;;76.0;2.4;0.2;SE;ES;SANTA TERESA;A613;-19.988388;-40.579572;975.92;09/08/07
202;2022/07/06;0500 UTC;0.0;1016.5;1016.9;1016.5;;14.9;13.6;15.3;14.9;13.9;13.5;92.0;91.0;92.0;261.0;1.4;0.0;SE;RJ;RIO DE JANEIRO - JACAREPAGUA;A636;-22.93999999;-43.40277777;20.0;10/08/17
757;2021/12/28;0500 UTC;0.0;983.0;983.8;983.0;;23.2;22.1;24.3;23.2;23.9;22.1;98.0;94.0;94.0;343.0;6.6;2.2;N;PA;XINGUARA;A247;-7.110518;-49.926072;245.0;11/09/16
53;2022/06/13;0400 UTC;0.0;913.6;914.0;913.6;;15.8;9.2;16.9;15.8;12.0;9.2;74.0;65.0;65.0;180.0;7.7;3.9;SE;MG;TRES MARIAS;A528;-18.200855;-45.459836;931.01;25/08/06
514;2021/07/29;0900 UTC;0.0;981.2;981.2;980.9;;16.1;13.5;16.5;16.0;13.8;13.3;84.0;83.0;84.0;8.0;0.0;0.0;NE;MA;ALTO PARNAIBA;A223;-9.10833333;-45.93194443;283.69;03/06/08
267;2021/09/21;0400 UTC;;;;;;;;;;;;;;;;;;N;AM;EIRUNEPE;A109;-6.65027777;-69.8686111;121.54;31/08/12
459;2020/08/21;1000 UTC;0.0;978.2;978.2;977.3;15.5;21.2;17.4;21.2;20.2;17.4;16.3;80.0;77.0;79.0;259.0;4.3;3.3;CO;MT;SAO JOSE DO XINGU;A942;-10.48416666;-52.37249999;300.0;19/02/19
517;2020/03/03;0900 UTC;0.0;951.6;951.6;951.3;25.9;23.2;22.0;23.2;23.1;22.0;21.9;93.0;93.0;93.0;194.0;4.0;2.1;NE;PB;CAMPINA GRANDE;A313;-7.225574;-35.904831;546.17;22/12/06
298;2022/01/21;0800 UTC;;;;;;;;;;;;;;;;;;NE;PI;CARACOL;A337;-9.28583333;-43.32444443;515.3;10/11/07
518;2020/05/16;0500 UTC;;;;;;;;;;;;;;;;;;S;SC;RANCHO QUEIMADO;A870;-27.6786111;-49.04194444;881.0;31/05/16
326;2022/02/12;2000 UTC;;;;;;;;;;;;;;;;;;SE;MG;ESPINOSA;A543;-14.91222222;-42.80861111;565.36;14/11/07
755;2020/06/17;2200 UTC;0.0;913.2;913.2;912.8;;18.5;11.5;19.5;18.5;12.7;11.4;66.0;61.0;64.0;101.0;6.0;1.5;CO;GO;SILVANIA;A037;-16.679786;-48.618171;952.0;08/10/10
548;2021/09/23;0100 UTC;;;;;;;;;;;;;;;;;;N;PA;BRAGANCA;A226;-1.04722221;-46.78583333;41.0;11/03/08
140;2020/02/13;1700 UTC;;958.5;959.1;958.3;2362.6;29.6;19.3;30.7;29.3;21.2;18.9;59.0;51.0;54.0;151.0;5.9;3.3;NE;PE;OURICURI;A366;-7.88583333;-40.10277777;457.85;11/08/10
48;2021/10/18;0700 UTC;;974.9;974.9;974.3;;22.3;19.1;22.8;22.3;19.2;19.0;82.0;80.0;82.0;;;;CO;MS;TRES LAGOAS;A704;-20.78333333;-51.71222222;328.94;03/09/01
299;2020/01/23;1500 UTC;0.0;1008.9;1009.3;1008.8;;26.0;;26.2;25.8;;;;;;17.0;11.4;9.6;NE;BA;ABROLHOS;A422;-17.963016;-38.703288;20.93;21/07/08
511;2020/05/20;1600 UTC;0.0;1004.4;1005.7;1004.4;2170.0;27.7;13.6;27.8;26.6;13.8;13.0;44.0;41.0;42.0;38.0;5.6;2.9;S;RS;RIO PARDO;A813;-29.87222221;-52.38194443;106.99;30/09/06
32;2021/12/20;1800 UTC;0.0;963.0;963.4;962.9;1671.6;32.6;16.1;34.0;32.6;16.5;15.4;37.0;34.0;37.0;144.0;8.2;1.6;NE;PB;CABACEIRAS;A348;-7.48333333;-36.28638888;391.96;28/02/08
888;2022/12/05;2200 UTC;;;;;;;;;;;;;;;;;;CO;MS;CASSILANDIA;A742;-19.12249999;-51.72083332;494.72;08/03/08
924;2020/01/16;0200 UTC;0.0;960.2;960.2;959.7;;26.1;14.5;26.3;24.5;15.5;14.4;57.0;48.0;49.0;39.0;3.9;2.1;NE;BA;BRUMADO;A433;-14.181886;-41.672281;473.37;28/04/08
194;2022/04/16;1200 UTC;0.0;1007.4;1007.4;1006.9;1747.1;27.4;24.2;27.6;25.7;24.8;24.1;92.0;83.0;83.0;;;;NE;MA;ZE DOCA;A255;-3.26916666;-45.65111111;45.5;18/09/19
463;2020/01/14;0700 UTC;;978.1;978.1;977.9;;23.9;20.6;24.1;23.8;20.7;20.4;82.0;80.0;82.0;308.0;2.3;0.1;N;TO;PARANA;A010;-12.615;-47.87194443;284.96;04/03/05
55;2022/11/14;1800 UTC;0.2;1001.2;1001.8;1001.2;2873.4;30.7;12.4;31.2;29.9;16.5;12.0;44.0;32.0;33.0;278.0;9.9;3.7;S;RS;CAMPO BOM;A884;-29.674293;-51.064042;23.35;29/11/13
892;2021/08/21;2200 UTC;;;;;;;;;;;;;;;;;;N;AP;MACAPA;A249;0.03499999;-51.08888888;16.62;12/12/13
653;2022/04/02;2200 UTC;0.0;1002.0;1002.4;1002.0;;18.3;13.5;21.1;18.1;13.5;13.1;74.0;61.0;74.0;349.0;0.0;0.0;S;RS;QUARAI;A831;-30.368578;-56.437115;113.05;17/10/07
241;2020/06/05;1600 UTC;0.0;999.2;1000.3;999.2;4376.3;33.1;19.3;33.2;31.4;21.2;18.9;53.0;44.0;44.0;111.0;8.3;3.4;NE;PI;CAMPO MAIOR;A376;-4.86416666;-42.14555555;125.0;23/11/18
795;2020/08/01;1700 UTC;0.0;958.5;959.3;958.5;1975.7;28.2;8.8;28.9;27.1;9.5;7.5;33.0;27.0;30.0;292.0;6.6;2.2;SE;SP;PRADOPOLIS;A747;-21.33833333;-48.11388888;540.41;22/04/08
932;2021/09/12;1500 UTC;0.0;995.1;996.2;995.1;2985.3;30.0;15.2;30.2;28.0;17.1;15.2;49.0;40.0;41.0;71.0;7.2;3.2;SE;MG;SERRA DOS AIMORES;A522;-17.79888888;-40.25;211.97;21/08/06
912;2022/04/24;0500 UTC;;;;;;;;;;;;;;;;;;NE;PE;SERRA TALHADA;A350;-7.95416666;-38.29499999;499.02;09/07/08
270;2020/01/02;1100 UTC;0.0;992.2;992.2;991.3;120.8;22.4;21.0;22.7;22.3;21.2;20.9;92.0;91.0;92.0;93.0;4.1;2.3;NE;MA;ESTREITO;A224;-6.65333333;-47.41833332;182.96;27/02/08
741;2020/12/12;0800 UTC;0.0;913.7;914.1;913.7;;19.1;19.1;20.1;18.9;20.0;18.9;100.0;98.0;100.0;316.0;3.2;1.6;S;SC;RANCHO QUEIMADO;A870;-27.6786111;-49.04194444;881.0;31/05/16
961;2020/07/28;0000 UTC;0.0;1018.1;1018.1;1017.6;0.0;18.8;17.6;20.5;18.5;18.6;17.4;95.0;86.0;92.0;322.0;2.7;1.5;SE;ES;SAO MATEUS;A616;-18.676198;-39.864051;28.66;25/10/06
766;2022/09/14;0500 UTC;0.0;1011.0;1011.5;1011.0;0.0;16.1;14.5;16.2;16.0;15.0;14.5;93.0;91.0;91.0;224.0;10.2;8.3;S;SC;Laguna  - Farol de Santa Marta;A866;-28.60444444;-48.81333333;34.36;01/06/08
605;2020/01/22;2000 UTC;0.0;971.8;972.1;971.8;1385.4;30.9;17.5;31.4;29.9;19.4;16.8;51.0;43.0;45.0;218.0;3.5;0.7;SE;RJ;TRES RIOS;A625;-22.09833333;-43.20833333;295.0;08/06/16
399;2022/05/24;1000 UTC;0.0;915.5;915.5;915.1;16.0;7.5;7.0;8.6;7.5;8.1;7.0;97.0;96.0;96.0;145.0;3.2;1.6;SE;MG;SAO JOAO DEL REI;A514;-21.106502;-44.250928;929.88;09/06/06
443;2022/11/30;0600 UTC;0.0;899.8;900.4;899.8;;16.0;15.5;16.1;16.0;15.5;15.4;96.0;95.0;96.0;111.0;7.2;4.3;S;SC;CAMPOS NOVOS;A898;-27.3886111;-51.21583333;963.0;15/02/19
715;2022/02/16;0700 UTC;;;;;;;;;;;;;;;;;;CO;MT;PARANATINGA;A915;-14.42138888;-54.0361111;476.91;19/12/06
109;2022/09/17;0100 UTC;0.0;1025.4;1025.4;1025.3;;13.8;10.8;15.4;13.8;11.8;10.8;82.0;79.0;82.0;212.0;2.3;0.8;S;SC;ITAJAI;A868;-26.95083333;-48.76194444;9.76;24/06/10
259;2020/05/03;0200 UTC;0.0;959.8;960.0;959.8;;19.4;17.8;20.4;19.3;18.1;17.3;90.0;86.0;90.0;341.0;3.1;0.0;SE;MG;SALINAS;A552;-16.16027777;-42.31027777;487.14;14/09/07
953;2020/06/17;2300 UTC;0.0;959.8;960.6;959.8;;18.9;15.7;19.6;18.9;16.1;15.7;82.0;80.0;82.0;28.0;6.7;3.3;S;RS;TUPANCIRETA;A886;-29.0893814;-53.82665025;462.0;11/08/16
481;2020/05/21;1400 UTC;0.0;974.1;974.3;974.1;2295.1;30.1;19.4;30.7;29.3;19.9;19.0;56.0;51.0;53.0;281.0;7.8;3.9;CO;MT;GAUCHA DO NORTE;A930;-13.18472221;-53.2575;375.87;04/06/08
353;2022/09/02;0900 UTC;0.0;962.4;962.4;961.4;;14.5;9.8;15.0;14.1;10.1;9.2;76.0;71.0;73.0;316.0;0.0;0.0;NE;BA;BARREIRAS;A402;-12.12472221;-45.02694443;474.17;20/12/01
683;2022/09/21;1000 UTC;0.0;965.2;965.2;964.6;609.9;19.5;18.4;19.5;15.3;18.5;14.9;97.0;94.0;94.0;59.0;1.3;0.6;NE;BA;JACOBINA;A440;-11.205;-40.465;440.78;01/05/08
598;2021/11/23;1300 UTC;0.0;948.2;948.4;948.2;2780.5;32.3;20.0;32.5;29.8;20.7;18.8;58.0;45.0;48.0;203.0;4.6;1.2;SE;MG;CONCEICAO DAS ALAGOAS;A520;-19.98586;-48.151574;572.54;18/07/06
761;2022/07/01;0200 UTC;0.0;991.8;991.8;991.5;;19.3;19.2;19.8;19.2;19.6;19.1;100.0;99.0;100.0;77.0;0.0;0.0;N;AC;PARQUE ESTADUAL CHANDLESS;A102;-9.35833333;-69.92638888;184.51;05/08/08
792;2021/05/25;0300 UTC;0.0;990.3;990.3;990.1;;10.2;5.9;10.9;10.1;6.0;5.9;75.0;71.0;75.0;38.0;4.4;2.5;S;RS;SAO LUIZ GONZAGA;A852;-28.41722221;-54.9625;245.5;25/07/07
231;2022/09/08;1200 UTC;0.0;946.2;946.2;945.5;1797.6;23.4;12.5;23.4;21.0;12.6;11.8;56.0;50.0;50.0;92.0;8.5;2.9;SE;MG;UNAI;A542;-16.55416666;-46.88194443;640.85;16/06/07
776;2022/04/10;1900 UTC;;;;;;;;;;;;;;;;;;SE;SP;BARRETOS;A748;-20.55916666;-48.54499999;534.36;19/06/10
250;2022/07/06;0700 UTC;0.0;973.3;973.4;973.2;;19.7;15.9;20.0;19.7;15.9;15.5;79.0;75.0;79.0;141.0;8.6;4.2;NE;PE;PETROLINA;A307;-9.38833333;-40.52333332;372.72;21/02/03
380;2022/04/03;1900 UTC;0.0;925.9;926.2;925.9;1251.2;29.0;17.8;29.1;27.2;18.3;17.0;58.0;49.0;51.0;63.0;5.6;2.2;SE;MG;PASSOS;A516;-20.745237;-46.633916;781.7;16/07/06
378;2022/08/08;0500 UTC;0.0;932.1;932.5;932.0;;17.5;12.7;17.8;17.4;12.8;12.5;74.0;71.0;73.0;20.0;2.8;0.9;SE;SP;CASA BRANCA;A738;-21.78055554;-47.07527777;734.15;25/06/07
641;2020/04/08;2100 UTC;0.0;993.6;993.6;993.2;18.3;23.9;21.0;25.1;23.9;21.0;20.8;84.0;78.0;84.0;137.0;9.3;5.5;SE;ES;NOVA VENECIA;A623;-18.69527777;-40.39055555;156.02;22/06/08
551;2021/08/08;1500 UTC;0.0;1021.2;1022.4;1021.2;1904.1;22.4;19.2;22.4;19.7;19.3;18.1;91.0;81.0;82.0;295.0;3.5;0.9;SE;ES;VILA VELHA;A634;-20.46694443;-40.40388888;25.0;15/02/17
282;2022/11/07;0500 UTC;0.0;949.4;950.0;949.4;;18.7;12.3;19.3;18.7;12.5;12.3;67.0;64.0;67.0;146.0;4.6;2.0;SE;MG;CAMPINA VERDE;A519;-19.53921;-49.518133;559.07;15/07/06
976;2022/03/26;0600 UTC;;;;;;;;;;;;;;;;;;S;PR;CLEVELANDIA;A876;-26.41722221;-52.3486111;966.06;15/05/08
600;2020/12/11;2200 UTC;;;;;;;;;;;;;;;;;;NE;PE;SURUBIM;A328;-7.83972221;-35.80111111;421.44;09/03/08
127;2021/12/12;0000 UTC;;;;;;;;;;;;;;;;;;N;AM;APUI;A113;-7.20555555;-59.8886111;156.97;19/07/08
296;2021/02/04;0000 UTC;;;;;;;;;;;;;;;;;;NE;MA;BALSAS;A204;-7.45555555;-46.02749999;271.03;26/10/07
468;2021/04/10;0800 UTC;;;;;;;;;;;;;;;;;;SE;SP;BARRA BONITA;A741;-22.4711111;-48.5575;533.68;24/04/08
675;2020/05/04;0900 UTC;;;;;;;;;;;;;;;;;;NE;BA;SANTA RITA DE CASSIA;A415;-11.00277777;-44.52499999;450.01;28/05/07
139;2022/09/20;1200 UTC;0.0;973.2;973.2;972.5;1018.4;28.7;19.7;28.9;24.6;20.2;19.6;76.0;58.0;58.0;332.0;4.1;1.9;CO;MT;S.J. DO RIO CLARO;A903;-13.45388888;-56.67722221;339.59;25/02/03
445;2020/09/10;1200 UTC;0.0;959.8;960.0;959.8;1809.6;27.0;19.8;27.3;24.9;20.3;19.4;74.0;65.0;65.0;112.0;8.9;4.6;NE;PI;CARACOL;A337;-9.28583333;-43.32444443;515.3;10/11/07
177;2022/07/05;0200 UTC;;;;;;;;;;;;;;;;;;SE;MG;BURITIS;A544;-15.52416666;-46.43555555;894.0;19/06/07
252;2022/12/01;1100 UTC;;990.2;990.2;989.6;185.8;23.8;22.2;23.8;23.0;22.2;21.4;91.0;91.0;91.0;82.0;1.6;0.0;NE;MA;COLINAS;A222;-6.03305554;-44.23333333;175.37;03/06/08
998;2022/06/15;0200 UTC;0.0;925.1;925.5;925.1;;12.7;6.3;13.8;12.6;6.4;5.9;65.0;60.0;65.0;101.0;0.0;0.0;SE;SP;SAO CARLOS;A711;-21.980353;-47.883927;859.29;04/09/06
113;2022/03/17;2100 UTC;0.0;925.9;925.9;925.4;;25.2;20.1;28.0;25.2;20.1;19.1;73.0;59.0;73.0;156.0;4.5;1.7;SE;SP;BARUERI;A755;-23.52388888;-46.86944443;776.5;29/03/11
122;2022/05/11;0100 UTC;;;;;;;;;;;;;;;;;;N;PA;MEDICILANDIA;A209;-3.51083333;-52.96333333;251.68;17/02/08
491;2021/11/19;2300 UTC;0.0;1008.4;1008.4;1007.8;;19.6;19.5;20.2;19.6;19.7;19.5;100.0;97.0;100.0;5.0;0.0;0.0;S;PR;MORRETES;A873;-25.508935;-48.808681;50.31;13/03/08
696;2021/05/04;0700 UTC;;;;;;;;;;;;;;;;;;NE;BA;FORMOSA DO RIO PRETO;A452;-11.05222222;-45.20083333;488.0;02/06/16
197;2020/07/09;0500 UTC;0.0;982.4;983.0;982.4;;16.8;13.7;17.1;15.8;13.9;13.3;86.0;81.0;82.0;163.0;0.0;0.0;N;TO;PARANA;A010;-12.615;-47.87194443;284.96;04/03/05
132;2020/05/31;0600 UTC;;933.1;933.2;933.1;;11.4;7.3;15.4;11.4;8.3;7.2;76.0;63.0;76.0;350.0;0.0;0.0;SE;SP;ITAPEVA;A714;-23.98194443;-48.88583333;743.33;25/07/06
314;2020/09/14;1400 UTC;;;;;;;;;;;;;;;;;;NE;MA;BALSAS;A204;-7.455609;-46.027546;271.03;26/10/07
668;2022/10/13;0100 UTC;;;;;;;;;;;;;;;;;;NE;BA;SALVADOR (RADIO FAROL);A456;-12.80833333;-38.49583333;31.0;10/03/18
357;2020/04/11;0200 UTC;0.0;919.4;919.6;919.4;0.0;13.7;11.0;14.7;13.3;12.1;10.7;90.0;81.0;84.0;360.0;1.1;0.6;SE;MG;SAO SEBASTIAO DO PARAISO;A561;-20.909892;-47.114259;845.0;17/08/15
334;2020/03/26;1600 UTC;0.0;926.4;927.4;926.4;2672.1;25.4;15.5;27.7;24.8;16.9;14.5;57.0;46.0;54.0;;;;SE;MG;PASSOS;A516;-20.745237;-46.633916;781.7;16/07/06
123;2022/01/17;1000 UTC;;;;;;;;;;;;;;;;;;SE;SP;AVARE;A725;-23.10166666;-48.9411111;776.36;22/09/06
63;2020/03/19;0700 UTC;;;;;;;;;;;;;;;;;;N;AP;ITAUBAL;A251;0.567833;-50.823528;21.0;24/08/17
677;2022/10/21;1000 UTC;0.0;898.0;898.0;897.1;362.8;21.1;14.4;21.1;17.2;14.5;12.0;73.0;66.0;66.0;149.0;1.6;0.6;CO;DF;AGUAS EMENDADAS;A045;-15.596491;-47.625801;1030.36;03/10/08
354;2020/04/05;1000 UTC;0.0;868.0;868.0;867.5;89.1;19.0;18.1;19.2;19.0;18.2;18.0;94.0;94.0;94.0;29.0;4.0;2.2;SE;MG;DIAMANTINA;A537;-18.231052;-43.648269;1359.25;05/06/07
984;2021/06/13;0500 UTC;0.0;882.3;882.4;882.3;;6.8;3.1;7.0;5.8;3.4;2.9;83.0;76.0;77.0;;;;S;RS;SAO JOSE DOS AUSENTES;A829;-28.7486111;-50.05777777;1228.59;26/10/06
227;2020/10/08;1100 UTC;;;;;;;;;;;;;;;;;;NE;CE;JAGUARIBE;A358;-5.90555555;-38.62777777;149.31;10/09/08
372;2022/02/21;0300 UTC;;;;;;;;;;;;;;;;;;CO;MT;SAO JOSE DO XINGU;A942;-10.48416666;-52.37249999;300.0;19/02/19
45;2022/11/09;0900 UTC;0.0;877.6;877.6;877.2;17.6;17.4;14.8;17.4;16.7;14.9;14.5;89.0;84.0;85.0;52.0;3.3;0.1;CO;GO;ALTO PARAISO DE GOIAS;A024;-14.13305554;-47.52333332;1264.7;04/06/07
297;2021/07/02;0500 UTC;0.0;942.7;943.0;942.7;;13.9;5.8;14.4;13.9;6.2;5.7;58.0;56.0;58.0;262.0;1.2;0.0;CO;GO;PARAUNA;A027;-16.962536;-50.42545;678.74;29/03/08
415;2020/11/25;0400 UTC;;832.2;832.2;831.6;560.0;-18.6;-21.5;-18.5;-18.6;-21.4;-21.6;78.0;77.0;78.0;136.0;10.0;8.5;SE;SP;CRIOSFERA;C891;-84.0;-79.49416666;1285.0;09/01/12
505;2022/01/27;0000 UTC;0.2;940.7;941.0;940.5;;20.0;18.8;20.6;20.0;19.2;18.8;92.0;91.0;92.0;127.0;2.1;0.2;SE;MG;UNAI;A542;-16.55416666;-46.88194443;640.85;16/06/07
910;2021/09/28;1400 UTC;;;;;;;;;;;;;;;;;;CO;MS;BATAGUASSU;A759;-21.75;-52.47138888;392.13;21/03/13
731;2020/10/20;1100 UTC;0.0;964.1;964.1;963.4;719.3;22.4;19.4;22.6;20.4;19.7;18.7;90.0;82.0;83.0;236.0;7.0;4.3;CO;MS;AMAMBAI;A750;-23.0025;-55.32944443;433.59;11/06/08
794;2022/10/26;2000 UTC;0.0;1005.0;1005.0;1004.3;348.9;23.7;21.8;25.8;23.7;22.2;21.2;89.0;79.0;89.0;71.0;5.9;0.7;NE;BA;UNA;A437;-15.28027777;-39.09138888;74.08;25/06/08
375;2021/06/10;0700 UTC;0.0;1009.8;1009.8;1009.4;;22.4;22.1;22.5;22.3;22.2;21.9;99.0;97.0;98.0;;;;NE;BA;SALVADOR (RADIO FAROL);A456;-12.80833333;-38.49583333;31.0;10/03/18
248;2020/04/30;2000 UTC;5.4;1007.1;1007.2;1006.7;624.9;25.4;24.1;30.7;25.3;25.4;23.5;93.0;72.0;93.0;99.0;6.1;0.0;N;AM;MAUES;A122;-3.39888888;-57.67388888;25.49;22/04/08
978;2022/12/01;1400 UTC;0.0;1006.7;1007.2;1006.7;2097.7;27.7;24.0;28.1;26.2;25.0;23.5;91.0;79.0;81.0;71.0;4.2;2.4;SE;ES;SAO MATEUS;A616;-18.6761111;-39.86416666;28.66;25/10/06
606;2020/12/31;0800 UTC;0.0;910.3;910.3;909.9;;18.3;15.1;19.2;18.2;15.6;14.8;82.0;78.0;82.0;92.0;1.2;0.1;SE;MG;TRES MARIAS;A528;-18.200855;-45.459836;931.01;25/08/06
190;2022/05/29;0500 UTC;0.0;945.6;945.9;945.6;;21.8;18.0;23.0;21.6;18.0;17.3;79.0;73.0;79.0;;;;N;RO;VILHENA;A938;-12.73499999;-60.15777777;583.3;26/08/08
753;2020/06/11;0800 UTC;0.0;1007.2;1007.3;1006.7;0.0;24.1;23.3;24.2;23.7;23.5;23.1;97.0;95.0;95.0;;;;NE;MA;ZE DOCA;A255;-3.26916666;-45.65111111;45.5;18/09/19
439;2021/02/10;0100 UTC;;;;;;;;;;;;;;;;;;CO;DF;AGUAS EMENDADAS;A045;-15.596491;-47.625801;1030.36;03/10/08
698;2020/12/20;1000 UTC;;;;;;;;;;;;;;;;;;SE;SP;ITUVERAVA;A753;-20.35972222;-47.77527777;610.58;17/07/08
841;2020/07/22;0000 UTC;0.0;984.3;984.3;984.0;;22.4;15.3;23.2;22.2;15.3;14.8;64.0;60.0;64.0;190.0;0.0;0.0;N;TO;PEIXE;A018;-12.015377;-48.544517;250.87;01/12/06
665;2020/10/18;0600 UTC;;;;;;;;;;;;;;;;;;CO;MT;APIACAS;A910;-9.56333333;-57.3936111;217.75;24/10/06
821;2021/08/29;1700 UTC;0.0;1021.3;1022.1;1021.2;798.0;20.3;14.0;20.9;20.3;14.1;13.4;67.0;63.0;67.0;57.0;5.6;2.0;S;SC;URUSSANGA;A814;-28.53249999;-49.31527777;40.56;29/05/08
574;2020/04/03;2100 UTC;0.2;1005.5;1005.5;1005.3;6.1;24.5;23.7;24.5;24.4;23.8;23.6;96.0;95.0;95.0;236.0;2.9;0.0;N;PA;TOME ACU;A213;-2.59249999;-48.36055555;42.95;14/10/07
384;2022/10/12;0700 UTC;;;;;;;;;;;;;;;;;;NE;RN;CAICO;A316;-6.46749999;-37.08499999;171.26;07/01/07
867;2022/01/03;1700 UTC;0.0;911.2;912.3;911.2;2736.3;26.0;18.6;26.8;25.6;20.1;18.1;69.0;61.0;64.0;341.0;8.8;4.5;SE;MG;FORMIGA;A524;-20.455;-45.45388888;878.14;17/08/06
387;2020/10/16;0600 UTC;0.0;949.3;949.4;948.9;;24.5;11.5;25.3;24.5;11.5;6.0;44.0;29.0;44.0;109.0;7.0;4.0;NE;BA;GUANAMBI;A426;-14.20805555;-42.74972221;552.23;24/04/08
529;2021/04/27;2100 UTC;0.0;927.2;927.2;926.8;55.0;17.4;16.7;18.0;17.3;17.0;16.3;96.0;92.0;96.0;;;;SE;SP;SAO PAULO - INTERLAGOS;A771;-23.724501;-46.677501;771.0;14/03/18
460;2021/09/06;0000 UTC;0.0;912.1;912.1;911.6;;18.7;;19.2;18.6;;;;;;115.0;3.2;1.2;S;PR;CURITIBA;A807;-25.4486111;-49.23055554;922.91;28/01/03
33;2020/05/24;0700 UTC;0.0;979.7;980.2;979.7;;17.9;14.0;18.2;17.9;14.2;14.0;78.0;78.0;78.0;272.0;5.0;1.8;CO;GO;ARAGARCAS;A013;-15.902658;-52.245172;327.35;13/07/07
851;2020/01/29;1700 UTC;0.0;963.4;964.0;963.3;1626.2;24.2;19.8;24.8;23.5;20.9;19.5;82.0;75.0;76.0;350.0;7.1;2.6;S;RS;ENCRUZILHADA DO SUL;A893;-30.54305555;-52.52472221;427.75;15/03/18
8;2020/01/17;0700 UTC;23.2;931.4;931.6;931.1;;20.5;19.6;20.6;20.2;19.7;19.3;95.0;94.0;95.0;198.0;3.5;1.0;SE;MG;FLORESTAL;A535;-19.885398;-44.416883;753.5;27/06/08
0;2020/03/13;2100 UTC;0.0;1009.4;1009.4;1009.0;326.6;26.9;22.7;27.1;26.6;23.7;22.5;84.0;77.0;78.0;71.0;3.9;1.3;SE;RJ;CAMBUCI;A604;-21.58749999;-41.95833333;46.0;20/11/02
913;2022/08/21;1900 UTC;0.0;1025.1;1025.2;1025.0;1674.6;16.7;10.9;17.4;16.3;11.3;8.4;69.0;57.0;69.0;165.0;5.5;3.5;S;RS;CAPAO DO LEAO (PELOTAS);A887;-31.8025;-52.40722222;13.0;18/07/19
745;2020/05/27;1200 UTC;0.0;955.6;955.6;955.0;1392.9;14.9;10.2;14.9;12.6;11.8;10.1;90.0;73.0;73.0;22.0;2.2;1.2;SE;MG;CAMPINA VERDE;A519;-19.53921;-49.518133;559.07;15/07/06
519;2020/12/21;0100 UTC;0.0;874.6;874.8;874.6;;17.1;16.6;17.9;17.1;17.4;16.6;97.0;97.0;97.0;234.0;0.0;0.0;SE;MG;MARIA DA FE;A531;-22.314567;-45.373049;1281.43;01/12/06
257;2021/12/02;1800 UTC;;;;;;;;;;;;;;;;;;N;PA;OBIDOS;A232;-1.88083332;-55.51972221;89.64;05/07/12
958;2022/10/01;1800 UTC;0.0;967.3;967.8;967.2;1244.5;25.9;18.9;26.1;25.1;19.8;18.6;70.0;64.0;65.0;115.0;2.8;1.5;SE;MG;CORONEL PACHECO;A557;-21.54666666;-43.26111111;411.14;17/10/12
669;2021/02/25;0000 UTC;0.0;953.9;953.9;953.0;;23.5;20.7;24.7;23.5;20.9;20.2;84.0;77.0;84.0;202.0;0.8;0.0;CO;GO;GOIAS;A014;-15.93972221;-50.14138888;512.86;18/07/07
25;2022/11/22;0600 UTC;;;;;;;;;;;;;;;;;;N;PA;TOME ACU;A213;-2.59249999;-48.36055555;42.95;14/10/07
630;2021/03/27;0200 UTC;0.0;1004.7;1004.8;1004.6;;23.5;22.8;23.6;23.5;22.8;22.7;96.0;95.0;96.0;16.0;0.7;0.3;N;PA;CAPITAO POCO;A248;-1.73472221;-47.0575;79.1;18/04/11
161;2020/07/07;0300 UTC;0.0;;;;180.3;24.9;22.5;24.9;24.8;22.6;22.4;88.0;87.0;87.0;83.0;2.9;0.0;N;PA;BRAGANCA;A226;-1.04722221;-46.78583333;41.0;11/03/08
203;2021/12/19;0700 UTC;0.2;1010.8;1010.8;1010.5;;20.7;19.9;20.9;20.6;20.1;19.7;95.0;95.0;95.0;255.0;3.0;1.0;SE;RJ;MACAE;A608;-22.3761111;-41.81194444;28.0;22/09/06
346;2021/05/10;0500 UTC;;;;;;;;;;;;;;;;;;S;RS;ENCRUZILHADA DO SUL;A893;-30.54305555;-52.52472221;427.75;15/03/18
811;2021/11/16;0200 UTC;;;;;;;;;;;;;;;;;;NE;PB;MONTEIRO;A334;-7.89444444;-37.12472221;606.39;22/08/07
934;2022/12/26;1000 UTC;0.0;985.3;985.3;985.1;350.2;21.2;18.6;21.2;18.3;19.4;17.6;96.0;85.0;85.0;278.0;1.7;0.4;S;PR;FOZ DO IGUACU;A846;-25.60194444;-54.48305554;235.09;15/02/08
909;2021/06/28;0900 UTC;0.0;1007.1;1007.1;1006.5;0.0;22.4;21.6;22.5;22.4;21.8;21.6;96.0;95.0;95.0;;;;NE;MA;ZE DOCA;A255;-3.26916666;-45.65111111;45.5;18/09/19
711;2020/08/19;2100 UTC;0.0;859.6;859.8;858.9;7.8;9.1;8.9;10.1;9.1;9.7;8.8;98.0;98.0;98.0;175.0;4.4;2.5;S;SC;SAO JOAQUIM;A815;-28.27564;-49.934617;1400.06;12/04/08
73;2021/10/19;0000 UTC;0.0;972.4;972.4;971.9;;14.3;11.3;15.3;14.3;11.4;10.1;83.0;71.0;83.0;109.0;6.8;2.6;S;RS;ENCRUZILHADA DO SUL;A893;-30.54305555;-52.52472221;427.75;15/03/18
789;2022/01/21;1600 UTC;0.0;945.1;946.1;945.1;3124.2;31.4;21.9;31.6;29.3;22.3;20.7;62.0;55.0;57.0;7.0;6.1;1.7;SE;MG;CARATINGA;A554;-19.735757;-42.137146;609.25;24/05/07
476;2021/10/10;0700 UTC;;;;;;;;;;;;;;;;;;NE;MA;CAROLINA;A205;-7.33722221;-47.45972222;182.88;04/12/07
834;2020/05/30;0200 UTC;;;;;;;;;;;;;;;;;;S;PR;CAMPINA DA LAGOA;B803;-24.570861;-52.800256;598.0;04/08/16
119;2021/11/12;2200 UTC;;;;;;;;;;;;;;;;;;SE;SP;LINS;A727;-21.66611111;-49.73472221;460.65;20/09/06
903;2020/08/11;2300 UTC;;;;;;;;;;;;;;;;;;N;PA;PLACAS;A211;-3.86404;-54.216416;100.45;14/02/08
31;2021/01/13;2000 UTC;0.0;925.7;925.9;925.5;1705.0;25.2;19.8;28.0;24.9;21.8;19.2;72.0;64.0;72.0;95.0;6.4;1.8;S;PR;SAO MATEUS DO SUL;A874;-25.83555555;-50.36888888;780.21;17/04/11
614;2020/03/16;1000 UTC;;;;;;;;;;;;;;;;;;SE;MG;ITUIUTABA;A512;-18.95277777;-49.52499999;540.08;12/05/06
975;2021/08/22;2200 UTC;;;;;;;;;;;;;;;;;;NE;BA;VITORIA DA CONQUISTA;A414;-14.88638888;-40.80138888;879.38;01/06/07
75;2022/11/22;1300 UTC;0.0;1000.5;1000.5;1000.3;355.1;22.9;20.5;22.9;21.9;21.2;20.5;92.0;86.0;86.0;59.0;;;N;AM;S. G. DA CACHOEIRA;A134;-0.125207;-67.061246;79.67;31/08/11
305;2021/05/15;0300 UTC;;;;;;;;;;;;;;;;;;S;PR;NOVA TEBAS;A822;-24.43722221;-51.96305555;656.24;21/12/06
209;2020/08/15;0600 UTC;;;;;;;;;;;;;;;;;;CO;GO;PORANGATU;A005;-13.309528;-49.117478;365.0;04/06/01
219;2021/08/20;2200 UTC;0.0;1012.9;1012.9;1012.2;;22.7;18.4;25.3;22.7;18.6;14.8;77.0;52.0;77.0;246.0;3.9;0.7;SE;RJ;RIO DE JANEIRO-MARAMBAIA;A602;-23.05027777;-43.59555555;12.0;08/11/02
474;2022/01/02;0700 UTC;;958.0;958.0;957.9;;21.8;20.6;22.0;21.8;21.2;20.6;95.0;93.0;93.0;57.0;5.1;2.7;NE;BA;BARREIRAS;A402;-12.12472221;-45.02694443;474.17;20/12/01
610;2022/05/22;0700 UTC;0.0;916.5;916.5;916.3;;11.6;10.8;11.8;11.6;11.1;10.7;96.0;94.0;95.0;68.0;4.8;3.0;SE;MG;JUIZ DE FORA;A518;-21.769965;-43.364329;936.88;26/05/07
836;2020/10/03;0800 UTC;;;;;;;;;;;;;;;;;;CO;MS;SETE QUEDAS;A751;-23.96694443;-55.02416666;398.4;03/06/08
317;2022/04/11;0000 UTC;0.0;955.6;955.6;954.7;0.0;;;;;;;;;;173.0;2.1;0.0;CO;MT;PARANATINGA;A915;-14.42138888;-54.0361111;476.91;19/12/06
970;2021/09/28;0700 UTC;0.0;986.0;986.1;985.9;;23.8;17.9;24.0;23.8;17.9;17.8;70.0;69.0;70.0;81.0;5.9;2.4;SE;MG;ITAOBIM;A550;-16.575667;-41.485588;271.63;05/09/07
29;2021/10/08;0300 UTC;0.0;960.9;961.2;960.8;;20.4;20.2;20.4;20.1;20.2;19.8;99.0;98.0;99.0;155.0;2.8;2.1;CO;MS;RIBAS DO RIO PARDO;S715;-20.466694;-53.763028;442.0;18/01/18
93;2021/08/08;0600 UTC;;;;;;;;;;;;;;;;;;NE;MA;FAROL de SANTANA;A217;-2.27083332;-43.62416666;9.87;28/11/08
435;2021/01/20;1500 UTC;0.0;1013.1;1013.6;1013.1;3721.8;30.2;24.4;30.7;29.6;24.4;22.4;72.0;63.0;71.0;171.0;6.1;2.3;SE;RJ;ANGRA DOS REIS;A628;-22.97555554;-44.30333333;6.0;25/08/17
304;2020/09/18;1000 UTC;0.0;981.0;981.0;980.7;190.6;20.6;15.9;20.6;18.6;16.4;15.4;83.0;74.0;75.0;23.0;1.3;0.5;SE;MG;MURIAE;A517;-21.104867;-42.375904;282.79;30/08/06
278;2020/08/07;1900 UTC;0.0;932.1;932.5;932.1;;26.3;6.5;27.1;26.3;8.0;6.4;31.0;28.0;28.0;;;;SE;MG;UBERABA;A568;-19.71;-47.96194444;778.0;19/05/17
700;2020/01/04;1800 UTC;0.0;964.6;965.5;964.6;353.1;21.9;;22.0;21.6;;;;;;330.0;4.0;2.0;N;TO;CAMPOS LINDOS;A043;-8.15472222;-46.63944444;426.56;29/10/12
621;2021/03/21;0900 UTC;0.0;1011.6;1011.7;1011.5;36.3;22.3;21.1;22.4;22.2;21.1;20.9;93.0;92.0;93.0;264.0;0.8;0.3;NE;PE;RECIFE;A301;-8.05916666;-34.95916666;11.3;22/12/04
611;2022/08/22;0500 UTC;0.2;993.0;993.5;993.0;;18.3;;18.3;18.0;;;;;;197.0;0.0;0.0;NE;BA;CRUZ DAS ALMAS;A406;-12.67555554;-39.08944444;219.76;19/01/03
335;2022/09/08;1500 UTC;;;;;;;;;;;;;;;;;;CO;MT;JUINA;A920;-11.37499999;-58.77472221;365.39;24/11/06
743;2022/03/07;0900 UTC;;;;;;;;;;;;;;;;;;N;PA;SANTAREM;A250;-2.5025;-54.72027777;137.0;02/09/15
774;2020/12/01;1200 UTC;0.0;978.4;978.5;977.9;2348.8;28.3;18.6;28.6;26.0;19.2;18.0;62.0;55.0;56.0;94.0;7.5;4.0;NE;PI;CANTO DO BURITI;A365;-8.117939;-42.975721;312.07;12/06/10
151;2022/04/12;1400 UTC;1.2;904.3;904.7;904.3;951.9;22.4;19.4;22.4;21.2;19.6;18.9;88.0;82.0;83.0;45.0;6.5;2.5;CO;GO;LUZIANIA;A012;-16.26055555;-47.96694443;1000.82;21/10/06
784;2022/10/27;1600 UTC;;1004.3;1005.1;1004.3;2413.3;31.3;23.3;32.9;31.2;24.4;22.6;64.0;57.0;62.0;296.0;6.4;2.4;N;AM;ITACOATIARA;A121;-3.13333333;-58.48277777;41.54;17/04/08
719;2020/12/20;0600 UTC;;;;;;;;;;;;;;;;;;N;PA;PLACAS;A211;-3.86404;-54.216416;100.45;14/02/08
880;2022/02/27;1300 UTC;0.0;927.8;928.0;927.8;2677.5;26.1;19.4;26.6;24.8;20.5;19.1;73.0;65.0;67.0;67.0;9.3;5.7;S;SC;JOACABA;A841;-27.16916666;-51.55888888;767.63;20/09/07
701;2020/11/09;2000 UTC;;;;;;;;;;;;;;;;;;CO;MS;NHUMIRIM;A717;-18.9886111;-56.62277777;102.26;02/08/06
208;2022/12/01;2200 UTC;0.0;979.7;979.7;978.8;1.2;22.9;21.3;23.1;22.9;22.1;21.2;95.0;90.0;90.0;99.0;3.2;1.6;NE;BA;ITAPETINGA;A446;-15.24472221;-40.22944443;271.48;25/06/09
368;2020/06/09;0800 UTC;0.0;983.7;983.7;983.4;;21.0;;21.1;20.9;;;;;;229.0;2.5;1.0;NE;AL;PALMEIRA DOS INDIOS;A327;-9.42027777;-36.62027777;278.01;11/07/07
979;2021/07/03;0000 UTC;;;;;;;;;;;;;;;;;;N;AC;MARECHAL THAUMATURGO;A137;-8.95;-72.78666666;220.98;27/10/09
858;2020/04/13;1000 UTC;;;;;;;;;;;;;;;;;;NE;BA;SANTA RITA DE CASSIA;A415;-11.00277777;-44.52499999;450.01;28/05/07
175;2022/03/07;0500 UTC;;;;;;;;;;;;;;;;;;N;AM;BOCA DO ACRE;A110;-8.77666666;-67.33249999;111.98;15/07/08
553;2020/01/04;2100 UTC;0.0;923.1;923.1;922.4;401.4;20.1;17.7;21.4;20.1;19.1;17.7;87.0;83.0;86.0;203.0;5.3;1.5;S;PR;SAO MATEUS DO SUL;A874;-25.835604;-50.368994;780.21;17/04/11
847;2022/03/03;2300 UTC;0.0;916.7;916.7;915.9;;23.8;17.9;24.6;23.3;18.0;17.3;72.0;64.0;70.0;16.0;4.5;1.9;SE;SP;SAO LUIZ DO PARAITINGA;A740;-23.22833332;-45.41694443;862.3;01/11/07
104;2022/10/11;1100 UTC;;;;;;;;;;;;;;;;;;N;PA;CAMETA;A236;-2.23972221;-49.49972221;9.92;20/06/08
933;2020/09/01;1600 UTC;0.0;976.1;977.3;976.1;359.5;9.0;9.5;9.0;8.5;9.5;9.0;;;;;;;S;RS;CACAPAVA DO SUL;A812;-30.545317;-53.46705;420.82;22/06/06
492;2022/05/24;2200 UTC;0.0;977.4;977.4;976.7;;26.6;13.1;29.2;26.6;13.2;12.1;43.0;35.0;43.0;85.0;1.4;0.6;CO;GO;ARAGARCAS;A013;-15.90277777;-52.24527777;327.35;13/07/07
516;2021/12/29;0400 UTC;0.0;916.7;917.4;916.7;;21.9;20.5;22.1;21.9;20.6;20.5;92.0;91.0;91.0;10.0;3.6;2.0;CO;GO;MINEIROS;A026;-17.45472222;-52.60111111;862.0;24/11/07
695;2020/01/12;1300 UTC;;;;;;;;;;;;;;;;;;S;SC;URUSSANGA;A814;-28.53249999;-49.31527777;40.56;29/05/08
680;2022/01/06;0200 UTC;0.2;905.6;906.2;905.6;;20.4;19.6;20.4;20.3;19.7;19.4;96.0;94.0;96.0;324.0;5.6;2.6;SE;MG;JUIZ DE FORA;A518;-21.769965;-43.364329;936.88;26/05/07
462;2020/02/08;0000 UTC;0.0;1010.2;1010.2;1009.2;;24.4;22.6;25.3;24.4;22.7;22.6;90.0;85.0;90.0;15.0;5.9;1.8;N;AP;MACAPA;A249;0.03502;-51.088763;16.62;12/12/13
213;2020/01/21;1500 UTC;0.0;989.8;990.5;989.8;3022.8;30.5;22.8;31.3;29.4;23.8;21.8;69.0;59.0;63.0;314.0;6.5;2.5;NE;MA;CAROLINA;A205;-7.337269;-47.459839;182.88;04/12/07
997;2022/02/12;1500 UTC;;;;;;;;;;;;;;;;;;NE;MA;FAROL de SANTANA;A217;-2.27083332;-43.62416666;9.87;28/11/08
873;2022/12/17;1500 UTC;0.0;958.0;958.5;957.9;3820.6;25.7;12.3;26.0;23.0;13.4;10.5;49.0;41.0;43.0;92.0;8.8;3.3;S;RS;IBIRUBA;A883;-28.65333333;-53.11194444;455.27;13/12/12
803;2022/07/14;0400 UTC;;988.2;988.7;988.2;2508.0;18.2;17.4;18.7;18.2;17.9;17.3;95.0;92.0;95.0;311.0;2.3;0.5;NE;BA;ITAPETINGA;A446;-15.24472221;-40.22944443;271.48;25/06/09
222;2021/04/06;2100 UTC;0.0;958.3;958.3;958.0;272.6;23.2;15.6;26.9;23.0;16.3;14.6;63.0;50.0;63.0;79.0;3.2;1.6;SE;MG;TIMOTEO;A511;-19.57388888;-42.62249999;493.42;22/02/06
128;2021/11/07;0300 UTC;;;;;;;;;;;;;;;;;;NE;RN;APODI;A340;-5.62666666;-37.815;131.41;14/11/07
739;2022/04/15;1000 UTC;;;;;;;;;;;;;;;;;;SE;MG;GUARDA-MOR;A546;-17.56138888;-47.19916666;997.01;11/07/07
914;2021/01/02;0800 UTC;;;;;;;;;;;;;;;;;;NE;CE;ITAPIPOCA;A359;-3.48416666;-39.5886111;104.49;05/09/08
144;2020/10/15;0900 UTC;0.0;972.4;972.6;971.8;;20.5;17.2;20.9;20.5;17.3;17.1;82.0;79.0;81.0;47.0;5.8;2.7;S;PR;CIDADE GAUCHA;A869;-23.359156;-52.931912;365.79;11/03/08
852;2022/07/20;1300 UTC;0.0;988.0;988.3;988.0;2589.8;26.4;13.8;26.7;24.9;14.2;13.1;51.0;44.0;46.0;157.0;7.9;2.7;NE;PB;SAO GONCALO;A333;-6.835777;-38.311583;237.04;06/11/07
608;2021/02/14;0400 UTC;0.0;1008.3;1008.8;1008.3;;23.7;21.0;23.8;23.4;21.2;21.0;87.0;85.0;85.0;9.0;5.6;3.6;SE;ES;VILA VELHA;A634;-20.46694443;-40.40388888;25.0;15/02/17
106;2022/06/14;1100 UTC;0.0;985.0;985.0;984.1;487.3;23.2;18.8;23.3;19.8;19.1;18.1;90.0;76.0;76.0;89.0;1.8;1.1;N;TO;PEIXE;A018;-12.015377;-48.544517;250.87;01/12/06
421;2022/10/30;1300 UTC;;;;;;;;;;;;;;;;;;N;TO;CAMPOS LINDOS;A043;-8.15472222;-46.63944444;426.56;29/10/12
636;2022/03/02;1700 UTC;0.0;953.2;953.6;953.2;693.3;27.4;21.9;27.6;27.3;22.2;21.6;73.0;71.0;72.0;15.0;3.8;0.0;CO;MS;CAMPO GRANDE;A702;-20.447195;-54.722615;528.47;10/09/01
312;2021/10/05;0100 UTC;;967.9;968.0;967.6;;21.9;19.8;22.2;21.9;20.0;19.8;88.0;87.0;88.0;175.0;3.1;1.3;SE;SP;RANCHARIA;A718;-22.37277777;-50.97472221;398.75;01/09/06
453;2021/06/14;1700 UTC;;;;;;;;;;;;;;;;;;NE;CE;GUARAMIRANGA;A314;-4.26138888;-38.9311111;865.53;26/05/07
588;2020/10/09;2100 UTC;0.0;992.6;992.6;992.2;514.5;39.5;13.3;40.6;39.5;13.3;12.3;21.0;19.0;21.0;349.0;6.9;2.6;CO;MT;CACERES;A941;-16.07472221;-57.69305555;123.53;30/03/12
572;2021/03/26;1600 UTC;0.0;910.8;911.6;910.8;2178.7;25.7;18.0;27.2;24.9;19.4;17.0;65.0;56.0;63.0;39.0;4.4;1.5;SE;MG;JUIZ DE FORA;A518;-21.769965;-43.364329;936.88;26/05/07
882;2020/05/23;0100 UTC;;;;;;;;;;;;;;;;;;SE;RJ;VALENCA;A611;-22.35805555;-43.69555555;370.0;27/09/06
328;2020/08/10;0900 UTC;0.0;910.0;910.0;909.6;;14.4;8.3;14.4;13.9;8.7;8.3;70.0;67.0;67.0;359.0;6.5;4.0;S;SC;CAMPOS NOVOS;A898;-27.3886111;-51.21583333;963.0;15/02/19
763;2020/09/25;2300 UTC;0.0;934.2;934.2;933.7;;22.8;12.6;24.3;22.8;12.9;12.2;53.0;47.0;53.0;49.0;3.0;0.6;SE;MG;SETE LAGOAS;A569;-19.45527777;-44.17333332;719.0;10/06/16
604;2020/11/23;1700 UTC;0.0;915.4;915.9;915.4;2891.3;23.8;9.0;25.2;23.1;11.5;8.8;44.0;38.0;39.0;73.0;7.4;2.1;S;PR;CURITIBA;A807;-25.448688;-49.230602;922.91;28/01/03
765;2021/04/02;0700 UTC;;;;;;;;;;;;;;;;;;S;PR;NOVA FATIMA;A842;-23.41527777;-50.57777777;664.31;08/02/07
580;2020/10/03;1500 UTC;0.0;919.9;920.5;919.9;2960.5;35.3;14.9;36.0;32.0;19.5;14.6;47.0;29.0;30.0;327.0;;1.7;S;PR;LARANJEIRAS DO SUL;B804;-25.36888888;-52.39194444;835.0;07/08/16
16;2021/12/07;0200 UTC;;;;;;;;;;;;;;;;;;NE;RN;CAICO;A316;-6.46749999;-37.08499999;171.26;07/01/07
798;2020/01/03;1500 UTC;0.0;999.9;1000.7;999.9;3398.0;27.8;13.9;27.9;25.8;15.0;13.7;49.0;42.0;42.0;100.0;13.1;7.3;S;RS;DOM PEDRITO;A881;-31.002528;-54.618139;150.0;23/04/10
752;2020/07/13;0100 UTC;0.0;759.3;759.3;758.4;;8.3;7.0;8.7;7.9;7.2;5.9;92.0;86.0;92.0;277.0;6.0;2.2;SE;RJ;ITATIAIA;A635;-22.373944;-44.703111;2450.0;01/09/17
186;2021/04/29;2000 UTC;0.0;988.2;988.4;988.2;;23.4;23.4;24.7;22.9;24.6;22.9;100.0;100.0;100.0;360.0;6.4;1.6;NE;AL;ARAPIRACA;A353;-9.80444444;-36.61916666;236.84;27/04/08
154;2021/07/31;1100 UTC;0.0;1010.9;1010.9;1010.1;739.8;25.4;23.9;25.5;24.0;24.2;23.0;94.0;91.0;91.0;118.0;0.0;0.0;N;PA;CASTANHAL;A202;-1.30083333;-47.94805555;47.13;24/01/03
338;2020/10/06;1800 UTC;0.0;982.0;982.8;982.0;2289.3;31.7;15.9;32.1;30.8;16.1;14.8;39.0;36.0;39.0;55.0;8.4;2.5;NE;BA;ITAPETINGA;A446;-15.24462;-40.22955;271.48;25/06/09
989;2022/10/24;1200 UTC;0.0;943.7;943.7;943.2;1552.7;20.6;15.7;21.5;19.5;16.9;15.0;80.0;71.0;74.0;219.0;4.5;0.6;SE;SP;BARRA DO TURVO;A746;-24.96277777;-48.41638888;659.89;03/07/08
388;2022/07/16;1800 UTC;0.0;972.1;973.1;972.1;2576.8;34.7;15.4;35.8;33.8;16.7;15.4;35.0;32.0;32.0;20.0;7.1;2.9;CO;MT;S.J. DO RIO CLARO;A903;-13.45388888;-56.67722221;339.59;25/02/03
347;2021/10/29;0600 UTC;;;;;;;;;;;;;;;;;;SE;SP;ITUVERAVA;A753;-20.35972222;-47.77527777;610.58;17/07/08
869;2021/10/03;0500 UTC;;;;;;;;;;;;;;;;;;N;PA;MARABA;A240;-5.36638888;-49.05111111;116.58;25/06/09
164;2020/11/19;2100 UTC;0.2;948.1;948.2;947.9;47.2;21.6;21.2;21.6;21.3;21.3;21.0;99.0;98.0;98.0;7.0;3.3;1.9;SE;MG;JANAUBA;A563;-15.80277777;-43.29694444;532.0;19/11/16
950;2020/09/08;1600 UTC;0.0;931.0;931.7;931.0;2868.3;25.8;15.3;26.6;24.1;17.4;15.3;61.0;52.0;52.0;198.0;6.2;2.0;SE;SP;ITAPEVA;A714;-23.98194443;-48.88583333;743.33;25/07/06
480;2021/04/14;0500 UTC;;;;;;;;;;;;;;;;;;SE;SP;CACHOEIRA PAULISTA;A769;-22.68888888;-45.00555555;586.0;20/10/17
155;2020/06/04;0200 UTC;0.0;1014.1;1014.1;1013.8;;8.2;6.8;9.3;8.1;7.2;6.6;91.0;87.0;91.0;150.0;6.4;3.1;S;RS;URUGUAIANA;A809;-29.83987;-57.081899;74.29;28/09/06
389;2021/10/23;1600 UTC;;;;;;;;;;;;;;;;;;NE;PE;SERRA TALHADA;A350;-7.954277;-38.295082;499.02;09/07/08
364;2021/05/02;1200 UTC;0.0;956.6;956.6;956.2;1146.6;21.5;19.7;21.5;20.1;20.0;19.3;96.0;88.0;90.0;152.0;7.7;3.9;NE;BA;SENHOR DO BONFIM;A428;-10.44305555;-40.14833333;532.09;27/03/08
273;2021/12/11;0600 UTC;;;;;;;;;;;;;;;;;;NE;CE;QUIXERAMOBIM;A325;-5.17444443;-39.28944444;221.04;09/07/07
85;2020/06/30;1200 UTC;0.0;996.9;996.9;996.0;713.5;23.8;18.9;23.9;22.1;19.1;18.3;79.0;74.0;74.0;94.0;0.0;0.0;CO;MS;CORUMBA;A724;-18.99667;-57.6375;111.73;26/10/06
586;2022/07/06;1000 UTC;;;;;;;;;;;;;;;;;;NE;SE;ARACAJU;A409;-10.9525;-37.05444444;3.72;12/02/03
246;2022/08/01;0600 UTC;0.0;;;;0.0;20.0;17.3;20.1;19.8;17.3;16.8;85.0;82.0;85.0;49.0;7.5;4.5;SE;RJ;ARRAIAL DO CABO;A606;-22.97527777;-42.02138888;5.0;22/09/06
498;2020/08/13;1100 UTC;0.0;949.9;949.9;949.2;162.8;20.4;14.0;20.4;18.5;14.0;13.3;72.0;67.0;67.0;344.0;3.8;2.4;CO;MT;SAPEZAL;A911;-13.30388888;-58.76333333;105.0;20/10/17
280;2022/10/06;1200 UTC;0.0;995.6;995.7;995.1;558.0;27.0;20.6;27.1;26.2;20.7;20.4;71.0;68.0;68.0;52.0;6.5;2.9;NE;MA;BARRA DO CORDA;A221;-5.50666666;-45.23694444;154.19;06/03/08
385;2021/07/14;0900 UTC;0.0;942.3;942.3;942.2;;6.6;6.5;6.6;5.9;6.5;5.6;99.0;97.0;99.0;203.0;1.5;0.8;SE;MG;BAMBUI;A565;-20.0311111;-46.00888888;697.0;23/11/16
1;2021/05/01;2300 UTC;0.0;992.0;992.0;990.9;;27.3;20.0;31.8;27.3;20.0;17.7;65.0;43.0;65.0;49.0;10.1;3.0;CO;MT;CUIABA;A901;-15.559295;-56.062951;241.56;08/12/02
721;2022/08/13;0200 UTC;0.0;1016.2;1016.4;1016.1;;23.9;22.8;24.0;23.0;22.9;22.3;96.0;93.0;93.0;;;;NE;BA;SALVADOR (RADIO FAROL);A456;-12.80833333;-38.49583333;31.0;10/03/18
226;2020/05/20;0700 UTC;0.0;879.7;879.8;879.5;0.0;17.8;16.5;18.1;17.8;16.7;16.4;93.0;90.0;92.0;79.0;9.8;4.2;CO;GO;ALTO PARAISO DE GOIAS;A024;-14.13305554;-47.52333332;1264.7;04/06/07
703;2021/04/01;1500 UTC;0.0;1006.9;1006.9;1006.8;2499.6;21.2;16.3;24.2;21.2;19.1;16.2;77.0;66.0;73.0;140.0;7.5;2.4;S;RS;CAMAQUA;A838;-30.807953;-51.83424;92.3;12/12/06
661;2021/07/10;0400 UTC;0.0;974.4;974.7;974.3;;17.8;16.4;17.8;17.6;16.4;16.0;91.0;91.0;91.0;165.0;2.0;0.0;NE;BA;AMARGOSA;A434;-13.009468;-39.616881;397.8;11/07/08
356;2022/04/12;1700 UTC;;;;;;;;;;;;;;;;;;N;TO;RIO SONO;A050;-9.793363;-47.132732;291.0;03/08/16
943;2021/06/15;0300 UTC;;;;;;;;;;;;;;;;;;N;AC;MARECHAL THAUMATURGO;A137;-8.95;-72.78666666;220.98;27/10/09
159;2021/12/21;0500 UTC;;;;;;;;;;;;;;;;;;CO;MS;ARAL MOREIRA;S702;-22.955;-55.6261111;605.0;13/04/18
458;2020/06/29;0100 UTC;0.0;908.5;908.5;908.3;;8.7;8.1;9.5;8.7;8.9;8.1;97.0;96.0;97.0;208.0;0.2;0.0;S;PR;GENERAL CARNEIRO;A875;-26.3986111;-51.35361111;1009.01;30/04/08
729;2021/01/25;1000 UTC;;;;;;;;;;;;;;;;;;CO;GO;RIO VERDE;A025;-17.78527777;-50.965;780.11;17/05/07
883;2022/09/23;2000 UTC;0.0;1013.2;1013.2;1012.4;174.8;19.9;13.1;20.3;19.9;13.5;12.8;65.0;63.0;65.0;243.0;7.1;2.4;SE;RJ;SILVA JARDIM;A659;-22.64583333;-42.41555555;19.0;28/08/15
230;2022/02/14;0300 UTC;0.0;954.3;954.4;954.3;0.0;25.5;20.6;26.9;25.5;21.1;20.6;75.0;70.0;74.0;333.0;0.0;0.0;CO;GO;SAO SIMAO;A011;-18.969142;-50.633449;492.45;15/07/06
147;2020/04/16;0600 UTC;0.0;930.9;931.0;930.8;;5.8;5.3;6.9;5.8;5.8;5.2;96.0;92.0;96.0;;;;S;SC;JOACABA;A841;-27.16916666;-51.55888888;767.63;20/09/07
307;2020/08/28;1700 UTC;;;;;;;;;;;;;;;;;;CO;GO;IPORA;A028;-16.42305554;-51.14888888;610.41;24/06/13
359;2022/09/02;0000 UTC;;;;;;;;;;;;;;;;;;N;AC;EPITACIOLANDIA;A140;-11.02388888;-68.73527777;224.5;25/09/09
376;2021/05/12;2300 UTC;;;;;;;;;;;;;;;;;;CO;MS;JARDIM;A758;-21.4786111;-56.13777777;252.47;04/08/11
